Ref,Val,Package,PosX,PosY,Rot,Side
"C1","100nF","C_0603",35.052000,55.880000,0.000000,top
"C2","1pF","C_0603",30.124400,52.578000,90.000000,top
"C3","4.7uF","C_0603",41.783000,53.594000,-90.000000,top
"C4","100nF","C_0603",39.497000,53.594000,-90.000000,top
"C5","10uF","C_0603",26.009600,52.578000,90.000000,top
"C6","100nF","C_0603",48.768000,60.579000,-90.000000,top
"C7","10uF","C_1210_TDK_CGA6_2.8mm_Tall",16.000000,53.086000,90.000000,top
"C8","10nF","C_0603",45.770800,17.526000,90.000000,top
"C9","10nF","C_0603",62.274000,22.039000,-90.000000,top
"C10","10nF","C_0603",62.357000,34.163000,-90.000000,top
"C11","100nF","C_0603",21.666200,12.573000,-90.000000,top
"C12","10uF","C_1210_TDK_CGA6_2.8mm_Tall",16.000000,26.209998,90.000000,top
"C13","100nF","C_0603",27.940000,21.590000,90.000000,top
"C14","100nF","C_0603",26.035000,25.438000,90.000000,top
"C15","4.7uF","C_0603",27.940000,25.438000,90.000000,top
"D1","NZH5V1B,115","SOD-123F",47.117000,57.023000,0.000000,top
"D2","40V 1A","B5819W",34.290000,39.370000,90.000000,top
"F1","60V 1A","0ZCF0100AF2A",61.722000,57.912000,0.000000,top
"J1","S2P-VH","S2P-VH",63.830200,45.847000,90.000000,top
"J2","SM02B-PASS-TBT","SM02B-PASS-TBT",72.500000,22.048000,90.000000,top
"J3","SM02B-PASS-TBT","SM02B-PASS-TBT",72.500000,34.240000,90.000000,top
"J4","SM08B-PASS-TBT","SM08B-PASS-TBT",12.270000,54.799997,-90.000000,top
"J5","TC-2030-IDC","TC2030-IDC",27.889200,10.795000,0.000000,top
"J6","SM08B-PASS-TBT","SM08B-PASS-TBT",12.270000,28.129997,-90.000000,top
"J7","HEADER_MALE_THT_0.1"_4x1","61300411121",56.896000,19.939000,90.000000,top
"J8","HEADER_MALE_THT_0.1"_2x1","77311-118-02LF",36.068000,6.096000,180.000000,top
"J9","HEADER_MALE_THT_0.1"_4x1","61300411121",56.896000,7.620000,90.000000,top
"K1","EE2-3NUH","EE23NUH",24.030000,38.705000,180.000000,top
"L1","12uH","L_44.88mm3_6.8x6.8mm_Bourns_SRR6038-120Y",35.179000,61.976000,180.000000,top
"LED1","LTST-C190GKT","LED_0603",48.641000,64.135000,180.000000,top
"LED2","LTST-C190GKT","LED_0603",24.003000,64.135000,0.000000,top
"LED3","LTST-C190KSKT","LED_0603",39.116000,43.688000,180.000000,top
"LED4","LTST-C190KSKT","LED_0603",39.116000,41.021000,180.000000,top
"M1","~","mounting_hole_M3_NPTH",5.080000,5.080000,0.000000,top
"M2","~","mounting_hole_M3_NPTH",5.080000,64.920000,0.000000,top
"M3","~","mounting_hole_M3_NPTH",74.920000,64.920000,0.000000,top
"M4","~","mounting_hole_M3_NPTH",74.920000,5.080000,0.000000,top
"PB1","~","7914J-1-000",39.141400,17.932400,-90.000000,top
"Q1","BSP170PH6327XTSA1","SOT-223-4",51.308000,50.621000,-90.000000,top
"Q2","BC817-16","SOT-23-3",35.941000,34.417000,90.000000,top
"R1","0R","R_0603",43.942000,50.292000,180.000000,top
"R2","0R","R_0603",27.432000,59.690000,180.000000,top
"R3","2.2K","R_1206",45.847000,61.849000,-90.000000,top
"R4","2.87M","R_0603",37.846000,50.165000,0.000000,top
"R5","69.8K","R_0603",28.219400,52.578000,90.000000,top
"R6","120R","R_0603",27.432000,64.135000,0.000000,top
"R7","1K","R_2512",52.578000,60.579000,-90.000000,top
"R8","200K","R_0603",39.370000,48.133000,180.000000,top
"R9","22.1K","R_0603",27.178000,50.038000,0.000000,top
"R10","10K","R_0603",46.075600,32.613600,-90.000000,top
"R11","10K","R_0603",49.530000,32.054800,-90.000000,top
"R12","10K","R_0603",49.428400,39.827200,90.000000,top
"R13","10K","R_0603",46.228000,39.370000,90.000000,top
"R14","10K","R_0603",47.650400,17.576800,-90.000000,top
"R15","10K","R_0603",62.274000,17.526000,-90.000000,top
"R16","10K","R_0603",62.357000,29.845000,-90.000000,top
"R17","10K","R_0603",40.767000,11.531600,-90.000000,top
"R18","10K","R_0603",40.792400,6.146800,90.000000,top
"R19","120R","R_0603",39.116000,37.719000,0.000000,top
"R20","120R","R_0603",42.062400,41.859200,90.000000,top
"R21","1K","R_0603",32.613600,31.699200,0.000000,top
"R22","4K7","R_0603",52.222400,8.229600,0.000000,top
"R23","4K7","R_0603",52.222400,14.605000,0.000000,top
"S1","DS04-254-2-02BK-SMT-TR","DS04-254-2-02BK-SMT-TR",45.770800,8.890000,0.000000,top
"S2","1-1825013-0","1-1825013-0",55.118000,35.929000,-90.000000,top
"TP1","~","TP_SMD_2mm",42.164000,60.071000,90.000000,top
"TP2","~","TP_SMD_2mm",62.230000,8.255000,90.000000,top
"TP3","~","TP_SMD_2mm",23.622000,59.690000,90.000000,top
"TP4","~","TP_SMD_2mm",62.230000,12.700000,90.000000,top
"TP5","~","TP_SMD_0.8mm",46.228000,52.578000,0.000000,top
"TP6","~","TP_SMD_0.8mm",41.402000,50.292000,0.000000,top
"TP7","~","TP_SMD_0.8mm",29.591000,56.134000,0.000000,top
"TP8","~","TP_SMD_0.8mm",36.957000,48.133000,0.000000,top
"TP9","~","TP_SMD_0.8mm",44.450000,38.557200,180.000000,top
"TP10","~","TP_SMD_0.8mm",43.535600,20.269200,180.000000,top
"TP11","~","TP_SMD_0.8mm",67.462400,16.662400,0.000000,top
"TP12","~","TP_SMD_0.8mm",64.008000,31.242000,180.000000,top
"TP13","~","TP_SMD_0.8mm",49.428400,37.134800,180.000000,top
"TP14","~","TP_SMD_0.8mm",40.741600,3.606800,180.000000,top
"TP15","~","TP_SMD_0.8mm",49.479200,34.391600,180.000000,top
"TP16","~","TP_SMD_0.8mm",40.767000,13.970000,180.000000,top
"TP17","~","TP_SMD_0.8mm",44.348400,33.426400,180.000000,top
"TP18","~","TP_SMD_0.8mm",36.449000,37.719000,90.000000,top
"TP19","~","TP_SMD_0.8mm",29.210000,31.699200,90.000000,top
"TVS1","26V","DO-214AC",57.912000,47.244000,-90.000000,top
"TVS2","3V3","2-DFN_(1.6x1)",43.586400,17.628400,-90.000000,top
"TVS3","3V3","2-DFN_(1.6x1)",64.770000,21.896000,90.000000,top
"TVS4","3V3","2-DFN_(1.6x1)",64.770000,34.036000,90.000000,top
"TVS5","USBLC6-2SC6","SOT-23-6 [2.8x2.93x1.1,P=0.95]mm",35.382200,10.668000,0.000000,top
"TVS6","3V3","2-DFN_(1.6x1)",28.702000,17.272000,180.000000,top
"TVS7","USBLC6-2SC6","SOT-23-6 [2.8x2.93x1.1,P=0.95]mm",52.578000,23.749000,180.000000,top
"TVS8","USBLC6-2SC6","SOT-23-6 [2.8x2.93x1.1,P=0.95]mm",52.578000,11.430000,180.000000,top
"U1","LMR54406DBVR","SOT-23-6",35.052000,52.959000,0.000000,top
"U2","STM32C011F6P6","TSSOP-20 [6.4x4.4x1.2,P=0.65]mm",34.544000,24.993001,0.000000,top
